how should I work out for jul 1th;0;jul 1th
what is the workout on aug 3rd;0;aug 3rd
what should I work out today;0;today
Hey what should I work out monday;0;monday
hello how should I work out for june 2nd;0;june 2nd
Hey what's the work out  april 3rd;0;april 3rd
what is the work out  tomorrow;0;tomorrow
how should I work out for feb 2nd;0;feb 2nd
what should I work out jun 16;0;jun 16
hello how should I work out for monday;0;monday
hey what should I work out february 2nd;0;february 2nd
how should I work out for friday;0;friday
how should I work out for dec 29th;0;dec 29th
hello how should I work out for feb 3rd;0;feb 3rd
what should I work out the next day;0;the next day
hello what should I work out january 2nd;0;january 2nd
what is the workout plan on monday;0;monday
what is the workout plan on the next day;0;the next day
what should I work out nov 24th;0;nov 24th
Hi how should I work out for saturday;0;saturday
how should I work out for sunday;0;sunday
Hello how should I work out for the next day;0;the next day
what's the work out plan on aug 16th;0;aug 16th
what should I work out mar 2nd;0;mar 2nd
hello what should I work out tomorrow;0;tomorrow
Hey how should I work out for may 24th;0;may 24th
Hello what is the workout plan  may 1th;0;may 1th
hey what should I work out sunday;0;sunday
hi what should I work out saturday;0;saturday
how should I work out for october 3rd;0;october 3rd
what should I work out thursday;0;thursday
hey what's the workout  tomorrow;0;tomorrow
how should I work out for today;0;today
Hello what should I work out september 3rd;0;september 3rd
hi what's the workout  sunday;0;sunday
what should I work out march 2nd;0;march 2nd
Hey how should I work out for tuesday;0;tuesday
hey what should I work out saturday;0;saturday
how should I work out for the next day;0;the next day
Hey how should I work out for aug 1th;0;aug 1th
what's the work out on tomorrow;0;tomorrow
hey what should I work out tuesday;0;tuesday
Hey what is the workout  the next day;0;the next day
what should I work out monday;0;monday
what's the work out  the next day;0;the next day
what's the work out  friday;0;friday
what's the workout plan on oct 09th;0;oct 09th
what is the workout  today;0;today
what's the work out plan  wednesday;0;wednesday
what is the workout  march 1th;0;march 1th
what's the workout  april 3rd;0;april 3rd
hello what's the workout  january 17;0;january 17
what is the workout  the next day;0;the next day
what should I work out dec 2nd;0;dec 2nd
Hi how should I work out for december 18;0;december 18
hello what should I work out monday;0;monday
hi what should I work out the next day;0;the next day
what is the work out on monday;0;monday
what is the workout plan on tomorrow;0;tomorrow
Hi how should I work out for sunday;0;sunday
how should I work out for december 1th;0;december 1th
Hello what is the workout  tomorrow;0;tomorrow
what should I work out jul 3rd;0;jul 3rd
what is the workout on today;0;today
how should I work out for saturday;0;saturday
Hey what's the work out on today;0;today
how should I work out for tomorrow;0;tomorrow
hey what should I work out thursday;0;thursday
Hi what should I work out today;0;today
hi what should I work out friday;0;friday
hi what's the workout  friday;0;friday
hello how should I work out for tomorrow;0;tomorrow
how should I work out for wednesday;0;wednesday
hey how should I work out for sunday;0;sunday
how should I work out for nov 1th;0;nov 1th
Hey what should I work out today;0;today
what's the work out plan on wednesday;0;wednesday
hey what should I work out october 3rd;0;october 3rd
hello what should I work out jun 1th;0;jun 1th
how should I work out for september 17;0;september 17
what should I work out aug 2nd;0;aug 2nd
Hello what should I work out the next day;0;the next day
Hey how should I work out for tomorrow;0;tomorrow
what is the work out  monday;0;monday
Hello how should I work out for friday;0;friday
Hi how should I work out for tomorrow;0;tomorrow
what's the work out on sunday;0;sunday
hello how should I work out for jun 06;0;jun 06
what's the workout plan  december 2nd;0;december 2nd
what's the work out on july 2nd;0;july 2nd
what is the work out on today;0;today
Hi what should I work out jul 27th;0;jul 27th
Hey what is the work out plan  november 3rd;0;november 3rd
Hi what should I work out sunday;0;sunday
how should I work out for monday;0;monday
what is the work out plan on thursday;0;thursday
Hi what should I work out jan 2nd;0;jan 2nd
hey how should I work out for today;0;today
hello how should I work out for thursday;0;thursday
Hello what is the workout plan  thursday;0;thursday
what should I work out sep 2nd;0;sep 2nd
what should I work out apr 3rd;0;apr 3rd
Hey what's the work out plan  january 29th;0;january 29th
hi how should I work out for the next day;0;the next day
hello how should I work out for jan 3rd;0;jan 3rd
hi what should I work out february 1th;0;february 1th
Hello what should I work out january 1th;0;january 1th
how should I work out for may 2nd;0;may 2nd
what's the workout plan  today;0;today
hi what should I work out thursday;0;thursday
what is the work out plan on august 2nd;0;august 2nd
how should I work out for apr 07th;0;apr 07th
Hello how should I work out for nov 14th;0;nov 14th
Hello what should I work out may 3rd;0;may 3rd
hey what should I work out wednesday;0;wednesday
hey what should I work out august 09;0;august 09
hi what's the workout plan on today;0;today
what's the workout plan  february 3rd;0;february 3rd
Hello what should I work out today;0;today
hey what is the workout plan  the next day;0;the next day
Hello what's the work out plan on tomorrow;0;tomorrow
how should I work out for thursday;0;thursday
Hello what is the workout plan  the next day;0;the next day
how should I work out for feb 3rd;0;feb 3rd
hi what's the work out plan  today;0;today
Hello what's the workout plan  monday;0;monday
Hi how should I work out for may 2nd;0;may 2nd
what's the workout  the next day;0;the next day
hey what is the work out  jan 1th;0;jan 1th
how should I work out for march 3rd;0;march 3rd
what is the workout plan on tuesday;0;tuesday
what should I work out tomorrow;0;tomorrow
what's the workout on tuesday;0;tuesday
hi what should I work out monday;0;monday
what's the work out  sep 04th;0;sep 04th
what should I work out aug 3rd;0;aug 3rd
hi how should I work out for today;0;today
Hey how should I work out for december 24th;0;december 24th
what should I work out sunday;0;sunday
hi what's the work out plan  wednesday;0;wednesday
what is the work out plan on january 1th;0;january 1th
Hello what is the workout on the next day;0;the next day
hey what's the work out on thursday;0;thursday
how should I work out for september 24th;0;september 24th
what's the workout  apr 1th;0;apr 1th
how should I work out for february 2nd;0;february 2nd
what should I work out tuesday;0;tuesday
what should I work out feb 09th;0;feb 09th
what should I work out apr 1th;0;apr 1th
Hey what's the workout plan on saturday;0;saturday
Hey what should I work out march 18th;0;march 18th
hi how should I work out for monday;0;monday
Hello what's the workout plan  sunday;0;sunday
Hello what is the work out plan  tomorrow;0;tomorrow
Hi what should I work out february 3rd;0;february 3rd
what do I have to eat wednesday;1;wednesday
Hello what is the meal for the next day;1;the next day
what's the meal for may 19;1;may 19
what can I eat tomorrow;1;tomorrow
Hey what do I have to eat feb 3rd;1;feb 3rd
hey what should I eat the next day;1;the next day
what should I eat march 2nd;1;march 2nd
Hi what do I have to eat the next day;1;the next day
what's the meal for february 1th;1;february 1th
hello what can I eat saturday;1;saturday
what is the meal for tomorrow;1;tomorrow
hey what do I have to eat apr 2nd;1;apr 2nd
hi what is the meal for the next day;1;the next day
what do I have to eat sunday;1;sunday
what should I eat today;1;today
hi what do I have to eat tomorrow;1;tomorrow
Hello what's the meal for saturday;1;saturday
what do I have to eat the next day;1;the next day
what can I eat aug 1th;1;aug 1th
what should I eat saturday;1;saturday
hello what should I eat thursday;1;thursday
hello what should I eat wednesday;1;wednesday
what do I have to eat tuesday;1;tuesday
hi what do I have to eat apr 1th;1;apr 1th
what's the diet  for friday;1;friday
what can I eat tuesday;1;tuesday
what can I eat the next day;1;the next day
what is the diet  for oct 26;1;oct 26
Hey what do I have to eat aug 2nd;1;aug 2nd
what do I have to eat december 3rd;1;december 3rd
Hi what do I have to eat tuesday;1;tuesday
hey what can I eat sunday;1;sunday
what should I eat tomorrow;1;tomorrow
what is the meal for wednesday;1;wednesday
Hi what do I have to eat aug 18;1;aug 18
hello what should I eat today;1;today
hi what can I eat today;1;today
hi what can I eat sep 1th;1;sep 1th
hey what's the meal for april 07th;1;april 07th
hey what's the diet plan for saturday;1;saturday
what can I eat aug 3rd;1;aug 3rd
Hey what can I eat today;1;today
Hi what do I have to eat december 1th;1;december 1th
hello what can I eat jun 1th;1;jun 1th
Hello what can I eat sep 09;1;sep 09
Hello what should I eat november 2nd;1;november 2nd
hi what can I eat september 27th;1;september 27th
hi what's the diet  for tomorrow;1;tomorrow
what can I eat february 2nd;1;february 2nd
what should I eat jan 1th;1;jan 1th
hey what should I eat wednesday;1;wednesday
what should I eat the next day;1;the next day
Hi what's the meal for the next day;1;the next day
hi what should I eat monday;1;monday
Hello what can I eat the next day;1;the next day
what's the diet  for thursday;1;thursday
Hello what's the diet plan for saturday;1;saturday
what is the diet plan for thursday;1;thursday
what is the meal for april 3rd;1;april 3rd
Hey what should I eat dec 1th;1;dec 1th
hi what should I eat friday;1;friday
what do I have to eat tomorrow;1;tomorrow
what can I eat today;1;today
hey what is the diet plan for thursday;1;thursday
what do I have to eat thursday;1;thursday
hello what should I eat november 3rd;1;november 3rd
what is the diet  for the next day;1;the next day
hi what can I eat tuesday;1;tuesday
Hello what should I eat july 1th;1;july 1th
Hey what should I eat dec 06th;1;dec 06th
Hi what is the diet plan for jun 2nd;1;jun 2nd
hi what can I eat tomorrow;1;tomorrow
what can I eat thursday;1;thursday
what do I have to eat apr 04;1;apr 04
what should I eat friday;1;friday
Hi what should I eat april 04th;1;april 04th
hello what do I have to eat jan 2nd;1;jan 2nd
what do I have to eat jan 3rd;1;jan 3rd
Hi what do I have to eat friday;1;friday
what can I eat october 2nd;1;october 2nd
what can I eat friday;1;friday
what should I eat thursday;1;thursday
hello what do I have to eat friday;1;friday
what can I eat dec 3rd;1;dec 3rd
what can I eat saturday;1;saturday
hello what should I eat september 1th;1;september 1th
what can I eat wednesday;1;wednesday
Hey what can I eat may 05;1;may 05
what can I eat september 3rd;1;september 3rd
hey what should I eat jun 1th;1;jun 1th
Hi what should I eat mar 07th;1;mar 07th
what's the meal for thursday;1;thursday
hey what's the diet plan for jun 3rd;1;jun 3rd
hey what do I have to eat tomorrow;1;tomorrow
what can I eat november 1th;1;november 1th
what do I have to eat monday;1;monday
Hi what can I eat october 3rd;1;october 3rd
hey what do I have to eat oct 2nd;1;oct 2nd
Hello what can I eat february 3rd;1;february 3rd
what's the diet plan for the next day;1;the next day
what's the diet  for dec 1th;1;dec 1th
what do I have to eat today;1;today
hi what should I eat mar 1th;1;mar 1th
hello what do I have to eat the next day;1;the next day
what's the diet plan for monday;1;monday
what do I have to eat april 1th;1;april 1th
what can I eat april 15;1;april 15
what should I eat sunday;1;sunday
hello what should I eat feb 2nd;1;feb 2nd
Hello what's the meal for friday;1;friday
hey what do I have to eat today;1;today
what can I eat jan 3rd;1;jan 3rd
Hey what is the diet plan for wednesday;1;wednesday
what's the meal for october 2nd;1;october 2nd
hey what do I have to eat oct 1th;1;oct 1th
Hi what should I eat today;1;today
what is the diet  for tomorrow;1;tomorrow
hello what can I eat tomorrow;1;tomorrow
hello what's the diet plan for dec 2nd;1;dec 2nd
what's the diet  for tomorrow;1;tomorrow
hi what do I have to eat mar 1th;1;mar 1th
what's the diet  for today;1;today
Hi what do I have to eat january 2nd;1;january 2nd
hello what's the diet  for tomorrow;1;tomorrow
Hey what do I have to eat october 2nd;1;october 2nd
hi what is the diet plan for monday;1;monday
what is the diet  for february 2nd;1;february 2nd
what can I eat december 1th;1;december 1th
what's the meal for tomorrow;1;tomorrow
what can I eat march 1th;1;march 1th
hello what is the meal for nov 1th;1;nov 1th
what should I eat tuesday;1;tuesday
Hey what should I eat tomorrow;1;tomorrow
hey what is the diet  for saturday;1;saturday
Hello what do I have to eat aug 2nd;1;aug 2nd
Hi what should I eat mar 29;1;mar 29
hi what should I eat august 28th;1;august 28th
hello what should I eat mar 2nd;1;mar 2nd
what do I have to eat friday;1;friday
what is the diet  for today;1;today
hi what should I eat sunday;1;sunday
Hey what do I have to eat sunday;1;sunday
hey what can I eat march 24th;1;march 24th
what's the meal for september 1th;1;september 1th
what should I eat february 3rd;1;february 3rd
hey what is the diet  for tomorrow;1;tomorrow
hey what can I eat tomorrow;1;tomorrow
hi what should I eat jul 3rd;1;jul 3rd
Hello what do I have to eat tomorrow;1;tomorrow
hey what should I eat jul 1th;1;jul 1th
what can I eat sep 2nd;1;sep 2nd
Hi what's the diet plan for the next day;1;the next day
Hey what do I have to eat february 3rd;1;february 3rd
what's the meal for sep 15;1;sep 15
what do I have to eat saturday;1;saturday
what's the diet plan for dec 3rd;1;dec 3rd
what's the meal for april 1th;1;april 1th
Hi what's the diet plan for dec 2nd;1;dec 2nd
what's the meal for today;1;today
Hey what do I have to eat for dinner;2;dinner
hello what do I have to eat for dinner;2;dinner
hi what is the meal for dinner;2;dinner
what do I have to eat for supper;2;supper
what is the diet for brunch;2;brunch
what do I have to eat for breakfast;2;breakfast
hey what's the meal for lunch;2;lunch
what do I have to eat for brunch;2;brunch
hello what should I eat for lunch;2;lunch
hello what do I have to eat for supper;2;supper
Hi what do I have to eat for brunch;2;brunch
hey what should I eat for breakfast;2;breakfast
Hey what do I have to eat for lunch;2;lunch
Hi what is the diet plan for dinner;2;dinner
Hey what's the meal for supper;2;supper
what should I eat for brunch;2;brunch
what should I eat for lunch;2;lunch
what should I eat for breakfast;2;breakfast
what do I have to eat for lunch;2;lunch
what should I eat for dinner;2;dinner
hello what do I have to eat for brunch;2;brunch
what should I eat for supper;2;supper
Hi what's the diet for brunch;2;brunch
hey what should I eat for lunch;2;lunch
Hello what do I have to eat for breakfast;2;breakfast
hello what should I eat for supper;2;supper
what do I have to eat for dinner;2;dinner
hey what is the diet plan for lunch;2;lunch
what is the diet for supper;2;supper
Hey what do I have to eat for supper;2;supper
hey what should I eat for supper;2;supper
what is the meal for breakfast;2;breakfast
what's the meal for supper;2;supper
hi what's the diet plan for breakfast;2;breakfast
hi what's the meal for dinner;2;dinner
hi what should I eat for lunch;2;lunch
hi what's the diet for lunch;2;lunch
hey what should I eat for dinner;2;dinner
Hello what's the diet plan for dinner;2;dinner
what is the meal for lunch;2;lunch
what is the meal for brunch;2;brunch
hello what's the meal for breakfast;2;breakfast
hi what should I eat for breakfast;2;breakfast
what is the meal for supper;2;supper
what is the diet plan for lunch;2;lunch
hey what is the meal for lunch;2;lunch
Hello what's the diet for lunch;2;lunch
hi what should I eat for supper;2;supper
Hello what is the meal for breakfast;2;breakfast
what's the meal for dinner;2;dinner
hello what should I eat for breakfast;2;breakfast
what's the diet plan for supper;2;supper
hey what is the meal for dinner;2;dinner
what is the diet for dinner;2;dinner
what is the diet plan for dinner;2;dinner
Hello what's the meal for brunch;2;brunch
what's the diet for dinner;2;dinner
what's the diet for supper;2;supper
what is the diet plan for breakfast;2;breakfast
Hi what is the diet for supper;2;supper
Hi what should I eat for dinner;2;dinner
what's the diet for lunch;2;lunch
Hi what do I have to eat for supper;2;supper
hi what do I have to eat for dinner;2;dinner
Hello what is the meal for supper;2;supper
what's the meal for brunch;2;brunch
what is the meal for dinner;2;dinner
Hey what do I have to eat for breakfast;2;breakfast
Hi what should I eat for brunch;2;brunch
what's the meal for breakfast;2;breakfast
hi what's the diet plan for supper;2;supper
hey what's the diet for lunch;2;lunch
hello what is the meal for dinner;2;dinner
Hi what is the diet plan for brunch;2;brunch
hey what is the meal for breakfast;2;breakfast
Hello what is the diet plan for dinner;2;dinner
Hello what should I eat for dinner;2;dinner
hi what is the meal for supper;2;supper
hello what's the meal for lunch;2;lunch
Hi what's the diet for dinner;2;dinner
what is the diet plan for supper;2;supper
hello what is the meal for lunch;2;lunch
what's the diet for breakfast;2;breakfast
hi what do I have to eat for breakfast;2;breakfast
what's the diet plan for lunch;2;lunch
hey what's the meal for breakfast;2;breakfast